{
  "project_info": {
    "project_number": "494137318614",
    "project_id": "smesterp",
    "storage_bucket": "smesterp.appspot.com"
  },
  "client": [
    {
      "client_info": {
        "mobilesdk_app_id": "1:494137318614:android:0ee134151fca64d498fd77",
        "android_client_info": {
          "package_name": "com.example.quiz4"
        }
      },
      "oauth_client": [
        {
          "client_id": "494137318614-3m66jlou54il0ss63o3i4q23e4cp9j57.apps.googleusercontent.com",
          "client_type": 3
        }
      ],
      "api_key": [
        {
          "current_key": "AIzaSyA82zry-W-2Qboy53tq6lZh_EERY-jo-x0"
        }
      ],
      "services": {
        "appinvite_service": {
          "other_platform_oauth_client": [
            {
              "client_id": "494137318614-3m66jlou54il0ss63o3i4q23e4cp9j57.apps.googleusercontent.com",
              "client_type": 3
            }
          ]
        }
      }
    }
  ],
  "configuration_version": "1"
}